{"interfaceLanguages":{"occ":[{"children":[{"title":"Classes","type":"groupMarker"},{"children":[{"title":"Instance Methods","type":"groupMarker"},{"path":"\/documentation\/rattlesnakes\/snkcolorsnake\/getb","title":"getB","type":"method"},{"path":"\/documentation\/rattlesnakes\/snkcolorsnake\/getg","title":"getG","type":"method"},{"path":"\/documentation\/rattlesnakes\/snkcolorsnake\/getr","title":"getR","type":"method"},{"path":"\/documentation\/rattlesnakes\/snkcolorsnake\/init","title":"init","type":"method"},{"path":"\/documentation\/rattlesnakes\/snkcolorsnake\/initwithr:g:b:","title":"initWithR:G:B:","type":"method"},{"path":"\/documentation\/rattlesnakes\/snkcolorsnake\/initwithstring:error:","title":"initWithString:error:","type":"method"},{"path":"\/documentation\/rattlesnakes\/snkcolorsnake\/serialize","title":"serialize","type":"method"}],"path":"\/documentation\/rattlesnakes\/snkcolorsnake","title":"SNKColorSnake","type":"class"},{"children":[{"title":"Instance Methods","type":"groupMarker"},{"path":"\/documentation\/rattlesnakes\/snksnake\/description","title":"description","type":"method"},{"path":"\/documentation\/rattlesnakes\/snksnake\/initwithfile:error:","title":"initWithFile:error:","type":"method"},{"path":"\/documentation\/rattlesnakes\/snksnake\/initwithstring:error:","title":"initWithString:error:","type":"method"},{"path":"\/documentation\/rattlesnakes\/snksnake\/serialize","title":"serialize","type":"method"},{"path":"\/documentation\/rattlesnakes\/snksnake\/serializetofile:error:","title":"serializeToFile:error:","type":"method"}],"path":"\/documentation\/rattlesnakes\/snksnake","title":"SNKSnake","type":"class"},{"children":[{"title":"Instance Methods","type":"groupMarker"},{"path":"\/documentation\/rattlesnakes\/snksnakensarray\/init","title":"init","type":"method"},{"path":"\/documentation\/rattlesnakes\/snksnakensarray\/initwithstring:error:","title":"initWithString:error:","type":"method"},{"path":"\/documentation\/rattlesnakes\/snksnakensarray\/initwithvalue:error:","title":"initWithValue:error:","type":"method"},{"path":"\/documentation\/rattlesnakes\/snksnakensarray\/serialize","title":"serialize","type":"method"}],"path":"\/documentation\/rattlesnakes\/snksnakensarray","title":"SNKSnakeNSArray","type":"class"},{"children":[{"title":"Instance Methods","type":"groupMarker"},{"path":"\/documentation\/rattlesnakes\/snksnakensstring\/init","title":"init","type":"method"},{"path":"\/documentation\/rattlesnakes\/snksnakensstring\/initwithstring:error:","title":"initWithString:error:","type":"method"},{"path":"\/documentation\/rattlesnakes\/snksnakensstring\/serialize","title":"serialize","type":"method"}],"path":"\/documentation\/rattlesnakes\/snksnakensstring","title":"SNKSnakeNSString","type":"class"},{"children":[{"title":"Instance Properties","type":"groupMarker"},{"path":"\/documentation\/rattlesnakes\/snkwrappersnake\/value","title":"value","type":"property"},{"title":"Instance Methods","type":"groupMarker"},{"path":"\/documentation\/rattlesnakes\/snkwrappersnake\/initwithvalue:error:","title":"initWithValue:error:","type":"method"}],"path":"\/documentation\/rattlesnakes\/snkwrappersnake","title":"SNKWrapperSnake","type":"class"},{"title":"Macros","type":"groupMarker"},{"path":"\/documentation\/rattlesnakes\/nsprint","title":"NSPRINT","type":"macro"},{"title":"Enumerations","type":"groupMarker"},{"children":[{"title":"Enumeration Cases","type":"groupMarker"},{"path":"\/documentation\/rattlesnakes\/snkformatcode\/snkformaterror","title":"SNKFormatError","type":"case"},{"path":"\/documentation\/rattlesnakes\/snkformatcode\/snkinvalidinitvalue","title":"SNKInvalidInitValue","type":"case"}],"path":"\/documentation\/rattlesnakes\/snkformatcode","title":"SNKFormatCode","type":"enum"}],"path":"\/documentation\/rattlesnakes","title":"RattleSnakes","type":"module"}]},"schemaVersion":{"major":0,"minor":1,"patch":0}}